complex,mutstr,num_muts,ddG,ddG_pred,fold
2NOJ_A_B,"RB24A,NB31A",2,0.7486768364906311,2.576244354248047,7
2OOB_A_B,KA7E,1,-0.17829985916614532,0.42866432666778564,7
2OOB_A_B,"AA6S,KA7E",2,0.16116079688072205,0.3133460283279419,7
2OOB_A_B,AA9E,1,3.103360414505005,1.5159589052200317,7
2OOB_A_B,GA13S,1,0.2353639453649521,0.7749183177947998,7
2OOB_A_B,"AA9E,GA13S",2,3.103360414505005,2.0226941108703613,7
2OOB_A_B,"AA6S,KA7E,AA9E,GA13S",4,3.103360414505005,1.716773271560669,7
2OOB_A_B,"IA27E,IA38E",2,0.2842833995819092,0.8675962686538696,7
2J0T_A_D,VD4A,1,0.0,0.3893536925315857,7
2J0T_A_D,VD4I,1,1.6426256895065308,0.4337165951728821,7
2J0T_A_D,VD4K,1,1.8245233297348022,0.5223517417907715,7
2J0T_A_D,VD4S,1,0.9824205040931702,0.1696498990058899,7
2J0T_A_D,SD68A,1,2.1063730716705322,0.46294599771499634,7
2J0T_A_D,SD68E,1,2.185483932495117,0.39347249269485474,7
2J0T_A_D,SD68R,1,2.8363590240478516,-0.4588390588760376,7
2J0T_A_D,SD68Y,1,2.97835373878479,0.6247075200080872,7
2J0T_A_D,TD2L,1,2.6821537017822266,0.09966503828763962,7
2J0T_A_D,"TD2L,VD4S",2,3.4705440998077393,-0.359022319316864,7
2J0T_A_D,"TD2L,VD4S,SD68A",3,5.2862467765808105,-0.4019073247909546,7
2J0T_A_D,TD2R,1,5.046028137207031,1.6224420070648193,7
2J0T_A_D,TD2S,1,1.5944323539733887,-0.21510359644889832,7
2J0T_A_D,"TD2S,VD4A",2,1.2502000331878662,0.5122931003570557,7
2J0T_A_D,"TD2S,VD4A,SD68Y",3,2.1472480297088623,0.28305283188819885,7
2J0T_A_D,"CD1S,FD12Y",2,4.200530052185059,0.35843563079833984,7
2J0T_A_D,TD2A,1,4.289029121398926,-1.0395022630691528,7
2J0T_A_D,MD66A,1,1.6426256895065308,0.596611499786377,7
2J0T_A_D,VD69I,1,0.7909240126609802,0.09390006214380264,7
2J0T_A_D,VD69T,1,1.288435935974121,-0.40460216999053955,7
2J0T_A_D,"VD69A,AD103V",2,0.7013269662857056,0.20980867743492126,7
2J0T_A_D,CD70S,1,4.308547019958496,2.2164289951324463,7
2C0L_A_B,NA48A,1,0.6877506375312805,0.8953245878219604,7
2C0L_A_B,QA239R,1,1.4865076541900635,-0.5187621116638184,7
2C0L_A_B,SA242Y,1,0.2736794650554657,1.1699687242507935,7
4CPA_A_I,PI35G,1,2.5961403846740723,0.9923412203788757,7
4CPA_A_I,YI36G,1,0.5019832849502563,2.343256950378418,7
4CPA_A_I,YI36F,1,0.0,1.0561785697937012,7
4CPA_A_I,VI37G,1,3.734722137451172,0.4048037827014923,7
4CPA_A_I,VI37A,1,2.325532913208008,0.0013483334332704544,7
4CPA_A_I,VI37L,1,1.2793906927108765,0.5731145739555359,7
4CPA_A_I,VI37I,1,0.19934363663196564,0.737317681312561,7
4CPA_A_I,VI37F,1,0.0,1.0731196403503418,7
1XD3_A_B,KB6A,1,1.3440860509872437,1.1187890768051147,7
1XD3_A_B,KB27A,1,-0.0624210461974144,2.1363131999969482,7
1XD3_A_B,RB42L,1,-0.8621878027915955,1.7376240491867065,7
1XD3_A_B,RB54L,1,0.8687343001365662,0.4098058342933655,7
1XD3_A_B,HB68N,1,0.0,-0.164591446518898,7
1XD3_A_B,RB72L,1,1.3017500638961792,1.4839380979537964,7
1XD3_A_B,RB74L,1,2.377732276916504,1.3026288747787476,7
1XD3_A_B,EB24A,1,-0.2402186095714569,-0.1627950668334961,7
1XD3_A_B,DB39A,1,-0.4106564223766327,0.5139336585998535,7
1XD3_A_B,EB51A,1,1.5346089601516724,-0.39441996812820435,7
1XD3_A_B,DB52A,1,-0.2402186095714569,0.3392173945903778,7
1XD3_A_B,DB58A,1,-0.2402186095714569,-0.597761869430542,7
1XD3_A_B,KB6R,1,0.3026396632194519,-0.0396362841129303,7
1XD3_A_B,LB8A,1,2.6767921447753906,0.3047296702861786,7
1XD3_A_B,KB11R,1,1.4024070501327515,-0.4860959053039551,7
1XD3_A_B,KB27R,1,0.26598143577575684,-0.7905398607254028,7
1XD3_A_B,KB33R,1,0.0,0.001283513382077217,7
1XD3_A_B,IB44A,1,0.26598143577575684,1.1482211351394653,7
1S1Q_A_B,VA41A,1,0.6707527041435242,-0.27447330951690674,7
1S1Q_A_B,FA42A,1,0.19934363663196564,0.5416406393051147,7
1S1Q_A_B,NA43A,1,1.2319692373275757,0.48498260974884033,7
1S1Q_A_B,DA44A,1,0.9655211567878723,1.2903913259506226,7
1S1Q_A_B,WA73A,1,0.2807824909687042,1.251672387123108,7
1S1Q_A_B,FA86A,1,0.7752504348754883,2.286186933517456,7
1MAH_A_F,FA285L,1,1.1491670608520508,0.7153936624526978,7
1MAH_A_F,FA287I,1,1.9018551111221313,0.46843236684799194,7
1MAH_A_F,FA287Y,1,0.7310582995414734,0.8193912506103516,7
1MAH_A_F,FA328G,1,0.7310582995414734,1.1186274290084839,7
1MAH_A_F,YA327A,1,0.35676002502441406,1.562803864479065,7
1MAH_A_F,DA71N,1,1.7348718643188477,1.806158423423767,7
1MAH_A_F,YA121Q,1,2.7729830741882324,1.5228379964828491,7
1MAH_A_F,YA69N,1,4.816024303436279,1.3731225728988647,7
1MAH_A_F,WA276R,1,8.13113021850586,2.398721694946289,7
1MAH_A_F,"YA69N,YA121Q",2,6.1327738761901855,2.3580093383789062,7
1MAH_A_F,"YA121Q,WA276R",2,8.959454536437988,1.6778804063796997,7
1MAH_A_F,"YA69N,WA276R",2,10.734281539916992,1.4970237016677856,7
1MAH_A_F,"YA69N,YA121Q,WA276R",3,10.92611026763916,1.9094070196151733,7
1A4Y_A_B,HB8A,1,0.9041150808334351,0.2993446886539459,7
1A4Y_A_B,QB12A,1,0.3002651035785675,0.19546571373939514,7
1A4Y_A_B,NB68A,1,0.11780958622694016,0.4113830327987671,7
1A4Y_A_B,EB108A,1,-0.32272469997406006,1.3412433862686157,7
1A4Y_A_B,YA434A,1,3.2620151042938232,1.4631788730621338,7
1A4Y_A_B,DA435A,1,3.485543727874756,0.06963645666837692,7
1A4Y_A_B,YA437A,1,0.8363124132156372,0.4445822238922119,7
1Z7X_W_X,YW434A,1,5.955931186676025,0.9653613567352295,7
1Z7X_W_X,DW435A,1,3.66243052482605,0.19988203048706055,7
1Z7X_W_X,YW437A,1,2.6241354942321777,0.4802932143211365,7
1Z7X_W_X,"QW430A,VW432A",2,0.9395740032196045,0.9526131749153137,7
1Z7X_W_X,"WW438A,SW439A,EW440A",3,1.972199559211731,2.5466063022613525,7
1Z7X_W_X,RW457A,1,0.8482471108436584,0.72242271900177,7
1Z7X_W_X,IW459A,1,0.33742108941078186,0.7788204550743103,7
1A4Y_A_B,"QA430A,VA432A",2,0.07221386581659317,0.355301171541214,7
1A4Y_A_B,"WA438A,SA439A,EA440A",3,1.7856985330581665,2.152509927749634,7
1A4Y_A_B,RA457A,1,-0.22398602962493896,0.7204655408859253,7
1A4Y_A_B,IA459A,1,0.6794324517250061,0.811423122882843,7
1Z7X_W_X,EW206A,1,1.018684983253479,-0.030581606552004814,7
1Z7X_W_X,WW261A,1,1.3359538316726685,-0.0699751153588295,7
1Z7X_W_X,WW263A,1,2.2124183177948,0.9287153482437134,7
1Z7X_W_X,EW287A,1,1.3213245868682861,0.35050830245018005,7
1Z7X_W_X,SW289A,1,0.8143835067749023,0.639240562915802,7
1Z7X_W_X,WW318A,1,0.9934704303741455,0.6553808450698853,7
1Z7X_W_X,KW320A,1,1.3213245868682861,-0.6515499353408813,7
1Z7X_W_X,EW344A,1,1.5615432262420654,0.11200306564569473,7
1Z7X_W_X,WW375A,1,1.6695599555969238,1.9287185668945312,7
1Z7X_W_X,EW401A,1,1.3063249588012695,0.2118282914161682,7
1A4Y_A_B,HB84A,1,0.17043781280517578,1.0921670198440552,7
1A4Y_A_B,WB89A,1,0.2402186095714569,0.2445208877325058,7
1A4Y_A_B,WA261A,1,0.10065702348947525,1.114162802696228,7
1A4Y_A_B,WA263A,1,1.171373963356018,1.323602557182312,7
1A4Y_A_B,EA287A,1,0.10065702348947525,0.4317333698272705,7
1A4Y_A_B,SA289A,1,0.042336005717515945,0.5543591976165771,7
1A4Y_A_B,WA318A,1,1.5007452964782715,1.6623042821884155,7
1A4Y_A_B,KA320A,1,-0.30999940633773804,-0.3345646262168884,7
1A4Y_A_B,EA344A,1,0.178609699010849,0.5145286321640015,7
1A4Y_A_B,WA375A,1,1.0353621244430542,1.7220240831375122,7
1A4Y_A_B,EA401A,1,0.883733868598938,0.3810887336730957,7
1A4Y_A_B,RB5A,1,2.309282064437866,0.6318396329879761,7
1A4Y_A_B,RB32A,1,0.9102507829666138,-0.48450881242752075,7
1A4Y_A_B,RB66A,1,0.20290906727313995,0.655332624912262,7
1A4Y_A_B,RB70A,1,-0.23193243145942688,0.5921276807785034,7
1A4Y_A_B,RB31A,1,0.2505223751068115,0.5616793632507324,7
1A4Y_A_B,RB33A,1,0.3270741403102875,1.8704890012741089,7
1A4Y_A_B,KB40Q,1,4.252427577972412,1.4682236909866333,7
1A4Y_A_B,HB13A,1,-0.2966853082180023,0.9312624931335449,7
1A4Y_A_B,HB114A,1,0.6568293571472168,1.478345513343811,7
1A4Y_A_B,YA434F,1,0.557857871055603,-0.03821294754743576,7
1A4Y_A_B,YA437F,1,0.2452607899904251,0.5844058394432068,7
1A4Y_A_B,"YA434A,DA435A",2,6.820855617523193,1.5967592000961304,7
1A4Y_A_B,"YA434A,YA437A",2,6.645332336425781,2.4403223991394043,7
1A4Y_A_B,"RB5A,YA434A",2,6.9797892570495605,3.53599214553833,7
1A4Y_A_B,"RB5A,DA435A",2,6.773434162139893,-0.21926680207252502,7
1A4Y_A_B,"RB5A,YA434A,DA435A",3,10.1070556640625,2.145026683807373,7
1A4Y_A_B,"RB5A,YA434A,YA437A",3,8.531571388244629,3.4990432262420654,7
1A4Y_A_B,KB40G,1,3.2368004322052,1.910386085510254,7
1A4Y_A_B,"KB40G,YA434F",2,6.665417194366455,1.2368992567062378,7
1A4Y_A_B,"KB40G,DA435A",2,4.107512950897217,1.161537528038025,7
1A4Y_A_B,"KB40G,YA437A",2,6.454104423522949,2.2302017211914062,7
1A4Y_A_B,"KB40G,YA434A,DA435A",3,6.21388578414917,2.782038450241089,7
1A4Y_A_B,"KB40G,YA434A,YA437A",3,9.123151779174805,3.9087235927581787,7
1Z7X_W_X,YW434F,1,0.12062260508537292,0.4166279733181,7
1Z7X_W_X,YW437F,1,2.166057586669922,0.9494128227233887,7
1Z7X_W_X,"YW434A,DW435A",2,7.171210765838623,1.0656973123550415,7
1Z7X_W_X,"YW434A,YW437A",2,7.240991592407227,1.9390240907669067,7
1F47_A_B,DA4A,1,0.6915061473846436,0.15150536596775055,7
1F47_A_B,YA5A,1,0.8693669438362122,0.9542545080184937,7
1F47_A_B,LA6A,1,0.9254311323165894,1.3501032590866089,7
1F47_A_B,DA7A,1,1.7336586713790894,0.3376307487487793,7
1F47_A_B,IA8A,1,2.5162453651428223,2.3181135654449463,7
1F47_A_B,PA9A,1,-0.05756485462188721,0.19005754590034485,7
1F47_A_B,FA11A,1,2.4454827308654785,1.0882339477539062,7
1F47_A_B,LA12A,1,2.2953264713287354,0.9544584155082703,7
1F47_A_B,KA14A,1,-0.042640842497348785,-0.3836864233016968,7
1F47_A_B,QA15A,1,-0.045595720410346985,0.6008349657058716,7
1F47_A_B,DA7S,1,2.064861297607422,0.2954908013343811,7
1F47_A_B,DA7G,1,1.1393417119979858,0.1621522605419159,7
1DAN_HL_UT,"WT40R,ST42G",2,1.4816070795059204,1.76412832736969,7
1DAN_HL_UT,WT40A,1,1.5000076293945312,0.42213279008865356,7
1DAN_HL_UT,ST42A,1,-0.1265324056148529,-0.026589317247271538,7
1DAN_HL_UT,VT28A,1,-0.18582704663276672,0.24973255395889282,7
1DAN_HL_UT,YT46A,1,-0.1265324056148529,0.8511254191398621,7
1DAN_HL_UT,FT71A,1,1.10543692111969,0.8844376802444458,7
1DAN_HL_UT,YT73A,1,0.6276386380195618,0.8488399982452393,7
1DAN_HL_UT,PU2A,1,-0.18582704663276672,0.09860160946846008,7
1DAN_HL_UT,YU4A,1,0.31168490648269653,2.8644678592681885,7
1DAN_HL_UT,VT31A,1,-0.1265324056148529,0.7542852163314819,7
1DAN_HL_UT,QT32A,1,0.7290357351303101,1.3141114711761475,7
1DAN_HL_UT,IT33A,1,-0.1265324056148529,2.1547346115112305,7
1DAN_HL_UT,GT38A,1,0.0646953359246254,0.3454674184322357,7
1DAN_HL_UT,KT43A,1,0.9207224249839783,-0.6542996168136597,7
1DAN_HL_UT,"CT44S,CT52S",2,-0.32587605714797974,0.48901256918907166,7
1DAN_HL_UT,TT55A,1,2.2240757942199707,0.7098672986030579,7
1DAN_HL_UT,"TT55A,FU50A",2,4.325087070465088,1.7149299383163452,7
1DAN_HL_UT,"TT55A,KT15A",2,3.0546562671661377,2.358689546585083,7
1DAN_HL_UT,DT39A,1,1.3799108266830444,0.8066631555557251,7
1DAN_HL_UT,"DT39A,WT40A",2,1.5072107315063477,0.3828006982803345,7
1DAN_HL_UT,"DT39A,FU50A",2,3.1733052730560303,1.782983422279358,7
1DAN_HL_UT,"DT39A,KT15A",2,3.9962286949157715,1.5866469144821167,7
1DAN_HL_UT,"DT39A,DT53A",2,3.857964038848877,0.9737941026687622,7
1DAN_HL_UT,"DT39A,TT55A",2,4.159247875213623,0.2962004840373993,7
1DAN_HL_UT,"DT39A,KT15A,FU50A",3,5.735138893127441,2.313551425933838,7
1DAN_HL_UT,RH125A,1,0.7490248680114746,0.8485060334205627,7
1DAN_HL_UT,MH154A,1,0.7444849610328674,1.3184587955474854,7
1DAN_HL_UT,KH189A,1,-0.18667039275169373,0.6009705066680908,7
1DAN_HL_UT,LH135A,1,0.01579965651035309,0.3600032925605774,7
1DAN_HL_UT,KT15A,1,2.4386024475097656,0.8793812394142151,7
1DAN_HL_UT,DT39A,1,2.145008087158203,0.8066631555557251,7
1DAN_HL_UT,WT40A,1,2.371095895767212,0.42213279008865356,7
1DAN_HL_UT,KT41A,1,0.8948080539703369,-0.751936137676239,7
1DAN_HL_UT,QU20A,1,1.305464506149292,0.16677428781986237,7
1DAN_HL_UT,RU45A,1,0.986134946346283,0.7131325006484985,7
1DAN_HL_UT,FU50A,1,2.2154533863067627,0.40934911370277405,7
1DAN_HL_UT,VU113A,1,1.5698682069778442,0.44210851192474365,7
1DAN_HL_UT,ST11A,1,-0.12980671226978302,1.526525616645813,7
1DAN_HL_UT,LT54A,1,0.0,2.0701334476470947,7
1DAN_HL_UT,DT56A,1,0.2420443445444107,4.077391624450684,7
1DAN_HL_UT,ET57A,1,0.0,-0.1916484832763672,7
1DAN_HL_UT,IT58A,1,0.0,-0.09748121351003647,7
1DAN_HL_UT,VT59A,1,0.0,0.6561156511306763,7
1DAN_HL_UT,QT64A,1,0.0,-0.0027907099574804306,7
1DAN_HL_UT,LT67A,1,-0.059836238622665405,0.3634799122810364,7
1DAN_HL_UT,EU15A,1,-0.059836238622665405,0.5396471619606018,7
1DAN_HL_UT,TU16A,1,-0.059836238622665405,2.411003351211548,7
1DAN_HL_UT,NU17A,1,0.0,0.66975998878479,7
1DAN_HL_UT,RU41A,1,0.0,0.2846978008747101,7
1DAN_HL_UT,TU42A,1,0.0,0.4548647999763489,7
1DAN_HL_UT,RU46A,1,-0.059836238622665405,-0.04649965465068817,7
1DAN_HL_UT,NU48A,1,0.0,0.194062739610672,7
1DAN_HL_UT,VU56A,1,0.19953952729701996,-0.22696560621261597,7
1DAN_HL_UT,FU57A,1,-0.059836238622665405,1.3727034330368042,7
1DAN_HL_UT,YU67A,1,0.0,0.27978643774986267,7
1DAN_HL_UT,VU85A,1,0.10984250903129578,0.10858912020921707,7
1DAN_HL_UT,RU102A,1,0.46060433983802795,0.9101711511611938,7
1DAN_HL_UT,TU103A,1,0.10984250903129578,-0.0758788213133812,7
1DAN_HL_UT,VU104A,1,0.10984250903129578,-0.18789517879486084,7
1DAN_HL_UT,NU105A,1,0.0,0.28757885098457336,7
1DAN_HL_UT,EU114A,1,-0.004828486125916243,-0.008115140721201897,7
1DAN_HL_UT,VU113A,1,-0.18866854906082153,0.44210851192474365,7
1DAN_HL_UT,TU109A,1,0.13527154922485352,1.0305064916610718,7
1DAN_HL_UT,"KU107A,DU110A",2,0.042667556554079056,0.5619722604751587,7
1DAN_HL_UT,"NU105A,RU106A",2,0.3999813199043274,0.7103472948074341,7
1DAN_HL_UT,"TU103A,VU104A",2,-0.14902915060520172,-0.28029587864875793,7
1DAN_HL_UT,SU101A,1,-0.0028923668432980776,-0.04657500982284546,7
1DAN_HL_UT,"SU101A,RU102A",2,0.6385655999183655,1.1593101024627686,7
1DAN_HL_UT,YU91A,1,-0.3298647701740265,0.006157668307423592,7
1DAN_HL_UT,"EU89A,NU90A",2,-0.09357527643442154,0.1753828227519989,7
1DAN_HL_UT,KU87A,1,0.017063796520233154,0.06900501996278763,7
1DAN_HL_UT,LU82A,1,0.07995188981294632,0.0716789960861206,7
1DAN_HL_UT,"NU79A,EU80A",2,-0.02454584650695324,0.5673491954803467,7
1DAN_HL_UT,TU78A,1,-0.025549152866005898,0.18726584315299988,7
1DAN_HL_UT,KU75A,1,0.1166100949048996,-0.06816940009593964,7
1DAN_HL_UT,TU73A,1,0.21198563277721405,0.41817915439605713,7
1DAN_HL_UT,"KU71A,KU72A",2,-0.23973791301250458,0.3058861792087555,7
1DAN_HL_UT,GU70R,1,-0.16279315948486328,0.003666156902909279,7
1DAN_HL_UT,SU69A,1,0.02264423295855522,-0.0001388806849718094,7
1DAN_HL_UT,WU68F,1,0.12289611995220184,0.24141789972782135,7
1DAN_HL_UT,YU66L,1,0.15484607219696045,0.6674937009811401,7
1DAN_HL_UT,IU62A,1,0.17879411578178406,0.3533763289451599,7
1DAN_HL_UT,"KU59A,DU60A",2,-0.10151255130767822,0.4141846299171448,7
1DAN_HL_UT,DU55A,1,-0.010675099678337574,0.3526415228843689,7
1DAN_HL_UT,RU54A,1,-0.0028923668432980776,0.2202654778957367,7
1DAN_HL_UT,FU50A,1,1.281753420829773,0.40934911370277405,7
1DAN_HL_UT,TU49A,1,-0.015591741539537907,0.14194516837596893,7
1DAN_HL_UT,"RU46A,NU47A,NU48A",3,0.206581249833107,0.1646752655506134,7
1DAN_HL_UT,RU45A,1,0.5193140506744385,0.7131325006484985,7
1DAN_HL_UT,LU43A,1,-0.027560874819755554,0.8875053524971008,7
1DAN_HL_UT,"EU40A,RU41F",2,-0.021546082571148872,1.2216769456863403,7
1DAN_HL_UT,DU39A,1,-0.026554159820079803,0.3899616599082947,7
1DAN_HL_UT,EU38A,1,0.08580537885427475,0.41701197624206543,7
1DAN_HL_UT,KU32A,1,-0.12360850721597672,-0.07666822522878647,7
1DAN_HL_UT,"QU24A,EU27A",2,0.03364985063672066,-0.06300878524780273,7
1DAN_HL_UT,"NU17A,QU20A",2,0.41449108719825745,0.5675016641616821,7
1DAN_HL_UT,"LU14A,EU15A",2,-0.4629063606262207,0.3542332649230957,7
1DAN_HL_UT,EU9A,1,-0.17558960616588593,0.9042657613754272,7
1DAN_HL_UT,YU4A,1,1.024149775505066,2.8644678592681885,7
1DAN_HL_UT,KT63A,1,-0.07038220763206482,0.054205216467380524,7
1DAN_HL_UT,"KT63A,QT64A",2,-0.20611459016799927,-0.22191698849201202,7
1DAN_HL_UT,"KT60A,DT61A",2,-0.5042316913604736,1.0775344371795654,7
1DAN_HL_UT,"DT56A,ET57A",2,0.3045600950717926,3.2292675971984863,7
1DAN_HL_UT,DT53E,1,1.380299687385559,0.7950703501701355,7
1DAN_HL_UT,DT53A,1,1.9894969463348389,1.1170560121536255,7
1DAN_HL_UT,"DT49A,ET51A",2,0.433300644159317,-0.15064527094364166,7
1DAN_HL_UT,TT47A,1,0.40485748648643494,0.7910085916519165,7
1DAN_HL_UT,FT45A,1,0.4379112124443054,1.5014617443084717,7
1DAN_HL_UT,KT43A,1,0.41449108719825745,-0.6542996168136597,7
1DAN_HL_UT,ST42A,1,0.043561823666095734,-0.026589317247271538,7
1DAN_HL_UT,KT41A,1,0.23182405531406403,-0.751936137676239,7
1DAN_HL_UT,"KT41A,KT43A",2,1.1358543634414673,-0.37309178709983826,7
1DAN_HL_UT,WT40F,1,1.2705957889556885,0.2747154235839844,7
1DAN_HL_UT,DT39A,1,0.7350139021873474,0.8066631555557251,7
1DAN_HL_UT,ST37A,1,-0.0693001002073288,0.0767601951956749,7
1DAN_HL_UT,KT36A,1,0.32156944274902344,-0.1023411676287651,7
1DAN_HL_UT,"KT36A,DT39A",2,1.5714305639266968,0.12045996636152267,7
1DAN_HL_UT,QT32A,1,0.5466929078102112,1.3141114711761475,7
1DAN_HL_UT,KT23A,1,0.1166100949048996,-0.12320364266633987,7
1DAN_HL_UT,ET21A,1,0.10140793025493622,0.342446506023407,7
1DAN_HL_UT,WT20F,1,0.6151982545852661,0.31788158416748047,7
1DAN_HL_UT,ET19A,1,0.6578863859176636,1.1662627458572388,7
1DAN_HL_UT,IT17A,1,0.6450760960578918,1.8875035047531128,7
1DAN_HL_UT,TT16A,1,-0.15900751948356628,0.6529853343963623,7
1DAN_HL_UT,KT15R,1,1.68574059009552,-1.5951569080352783,7
1DAN_HL_UT,KT15A,1,2.5879082679748535,0.8793812394142151,7
1DAN_HL_UT,NT13A,1,0.18021486699581146,2.043833017349243,7
1DAN_HL_UT,TT12A,1,0.12054666876792908,1.3549503087997437,7
1DAN_HL_UT,KT10A,1,-0.397342324256897,-0.17378035187721252,7
1DAN_HL_UT,WT9F,1,0.6917499899864197,-0.3772549629211426,7
2E7L_EQ_AD,FQ5R,1,3.059887647628784,3.1885464191436768,7
3SZK_AB_C,NC35A,1,0.12519049644470215,0.0678715705871582,7
3SZK_AB_C,TC38A,1,0.9322267174720764,0.9522387981414795,7
3SZK_AB_C,QC39A,1,0.7665860652923584,0.7162216901779175,7
3SZK_AB_C,YC40A,1,2.9048476219177246,0.8967604637145996,7
3SZK_AB_C,YC41A,1,2.982339382171631,2.838707208633423,7
3SZK_AB_C,HC42A,1,2.536616325378418,1.6579028367996216,7
3SZK_AB_C,FC43A,1,2.2193474769592285,0.11489161103963852,7
3SZK_AB_C,FC44A,1,2.200962543487549,2.027231454849243,7
3SZK_AB_C,NC66A,1,0.20430143177509308,0.9139932990074158,7
3SZK_AB_C,SC69A,1,1.514223337173462,0.4744497537612915,7
3SZK_AB_C,TC70A,1,1.4692765474319458,0.8186511993408203,7
3SZK_AB_C,DC120A,1,0.6736644506454468,0.12123952060937881,7
3SZK_AB_C,DC121A,1,0.6956096291542053,0.10779951512813568,7
3SZK_AB_C,GC122A,1,0.37473925948143005,0.29985761642456055,7
3SZK_AB_C,EC123A,1,0.8384865522384644,-0.3987343907356262,7
3SZK_AB_C,EC124A,1,0.6956096291542053,0.3028576672077179,7
3SZK_AB_C,VC27A,1,0.0962846651673317,0.25781697034835815,7
3SZK_AB_C,DC48A,1,0.20430143177509308,0.4922513961791992,7
3SZK_AB_C,DC51A,1,0.20430143177509308,0.23719680309295654,7
3SZK_AB_C,KC56A,1,0.0962846651673317,0.05800763517618179,7
3SZK_AB_C,KC57A,1,-0.03591717779636383,0.2158648669719696,7
1FSS_A_B,TB8V,1,0.36920931935310364,0.13344572484493256,7
1FSS_A_B,TB9I,1,-0.2322661131620407,-0.5718550086021423,7
1FSS_A_B,TB9N,1,1.1990468502044678,-0.6520121693611145,7
1FSS_A_B,"TB8V,TB9I",2,0.4418452978134155,-0.06886302679777145,7
1FSS_A_B,"TB8V,TB9N",2,0.28640708327293396,0.2990184724330902,7
1FSS_A_B,RB11K,1,0.3153128921985626,0.28084343671798706,7
1FSS_A_B,AB12S,1,0.3246430456638336,0.5857260227203369,7
1FSS_A_B,RB27F,1,2.4362823963165283,0.8104159832000732,7
1FSS_A_B,RB27M,1,2.6641392707824707,0.6725848317146301,7
1FSS_A_B,RB27Y,1,2.629225015640259,0.16507339477539062,7
1FSS_A_B,HB29K,1,-0.6196861267089844,-0.09052897244691849,7
1FSS_A_B,HB29R,1,-1.4884204864501953,-0.20786046981811523,7
1FSS_A_B,KB32R,1,1.0825053453445435,0.6023814678192139,7
1FSS_A_B,MB33F,1,0.9372820854187012,0.6208335161209106,7
1FSS_A_B,MB33L,1,0.9630449414253235,-0.5179488658905029,7
1FSS_A_B,MB33Q,1,1.5725946426391602,0.4446432292461395,7
1FSS_A_B,MB33Y,1,1.395359992980957,-0.01288326270878315,7
1FSS_A_B,VB34T,1,1.5859588384628296,-0.011847274377942085,7
1FSS_A_B,LB35W,1,1.4518266916275024,0.5843207836151123,7
1FSS_A_B,NB47F,1,0.4927620589733124,-0.032887473702430725,7
1FSS_A_B,NB47W,1,0.11596926301717758,-0.6907612085342407,7
1FSS_A_B,NB47R,1,-0.5349057912826538,0.6890166401863098,7
1B41_A_B,TB8V,1,1.1364256143569946,0.11812201887369156,7
1B41_A_B,TB9I,1,0.024689070880413055,-0.7111551761627197,7
1B41_A_B,TB9N,1,3.6109721660614014,-0.8795982599258423,7
1B41_A_B,"TB8V,TB9I",2,0.39468640089035034,-0.07376713305711746,7
1B41_A_B,"TB8V,TB9N",2,2.427799701690674,0.31580913066864014,7
1B41_A_B,RB11K,1,0.6251121759414673,0.8493839502334595,7
1B41_A_B,AB12S,1,0.70695960521698,0.6623278856277466,7
1B41_A_B,RB27F,1,2.108170986175537,0.9897347688674927,7
1B41_A_B,RB27M,1,1.4836316108703613,1.4761592149734497,7
1B41_A_B,RB27Y,1,2.396639108657837,0.7327325940132141,7
1B41_A_B,HB29K,1,-0.8879506587982178,-0.29585301876068115,7
1B41_A_B,HB29R,1,-0.4093972146511078,0.1031826063990593,7
1B41_A_B,KB32R,1,0.39144009351730347,0.5140107870101929,7
1B41_A_B,MB33F,1,0.7788600921630859,1.0222668647766113,7
1B41_A_B,MB33L,1,1.811485767364502,-0.07542218267917633,7
1B41_A_B,MB33Q,1,1.5959259271621704,1.3802744150161743,7
1B41_A_B,MB33Y,1,0.70695960521698,0.6557819247245789,7
1B41_A_B,VB34T,1,1.2143783569335938,-0.26215702295303345,7
1B41_A_B,LB35W,1,1.3045446872711182,0.14011700451374054,7
1B41_A_B,NB47F,1,-0.1417320966720581,-0.06093756854534149,7
1B41_A_B,NB47W,1,0.03665820509195328,-0.6458735466003418,7
1B41_A_B,NB47R,1,-0.030388813465833664,1.3880244493484497,7
1FSS_A_B,"TB8V,TB9N,RB11K,HB29R,KB32R",5,0.8018864393234253,0.31902778148651123,7
1FSS_A_B,TB8V,1,-0.5380995869636536,0.13344572484493256,7
1FSS_A_B,TB9N,1,1.3038697242736816,-0.6520121693611145,7
1FSS_A_B,"TB8V,TB9N",2,0.42946600914001465,0.2990184724330902,7
1FSS_A_B,RB11K,1,0.3177347779273987,0.28084343671798706,7
1FSS_A_B,HB29R,1,-1.057721495628357,-0.20786046981811523,7
1FSS_A_B,KB32R,1,1.1873283386230469,0.6023814678192139,7
1FSS_A_B,"TB8V,TB9N,RB11K,HB29R",4,-0.39184683561325073,0.09723814576864243,7
3R9A_AC_B,AA323W,1,0.33875593543052673,-0.9457086324691772,7
3R9A_AC_B,YA325A,1,1.0145800113677979,1.338462471961975,7
3R9A_AC_B,YA325W,1,0.4823150336742401,0.04300066828727722,7
3R9A_AC_B,VA331D,1,0.0,1.2209848165512085,7
3R9A_AC_B,GA165R,1,0.048722125589847565,-0.27065151929855347,7
3M62_A_B,EA32A,1,0.8297165632247925,0.61720210313797,7
3M62_A_B,DA46A,1,2.8000009059906006,0.43928682804107666,7
3M62_A_B,LA50A,1,2.829263687133789,0.18885712325572968,7
3M62_A_B,TA54A,1,0.01668989285826683,-0.22048543393611908,7
3M62_A_B,EA55A,1,1.0515739917755127,0.04033751040697098,7
3M62_A_B,RA98A,1,0.7886925935745239,0.1414746344089508,7
3M62_A_B,GA102A,1,1.2648917436599731,0.4568289518356323,7
3M62_A_B,YA103A,1,4.4772186279296875,0.7471272945404053,7
3M62_A_B,IA110A,1,1.8539384603500366,-0.2966906428337097,7
3M62_A_B,FB7A,1,0.9959673881530762,2.0989580154418945,7
3M62_A_B,KB8A,1,0.49712711572647095,-0.015757577493786812,7
3M62_A_B,IB43A,1,2.8837804794311523,0.463756263256073,7
3M62_A_B,SB45A,1,1.278739333152771,-0.020417412742972374,7
3M62_A_B,VB48A,1,1.0904372930526733,1.6179755926132202,7
3M62_A_B,QB50A,1,1.0544360876083374,1.1367422342300415,7
3M62_A_B,QB65A,1,0.28372085094451904,0.5166744589805603,7
3M62_A_B,VB67A,1,1.1381686925888062,0.5197482705116272,7
3M62_A_B,MB69A,1,0.6811227798461914,0.3421348035335541,7
3M63_A_B,EA33A,1,0.6463438272476196,0.050730809569358826,7
3M63_A_B,DA46A,1,2.234205961227417,1.2934904098510742,7
3M63_A_B,LA50A,1,0.5764208436012268,0.6998869776725769,7
3M63_A_B,TA54A,1,0.31137704849243164,-0.13595062494277954,7
3M63_A_B,EA55A,1,0.34635159373283386,0.20692390203475952,7
3M63_A_B,RA98A,1,-0.18529273569583893,0.27285462617874146,7
3M63_A_B,GA102A,1,0.12470666319131851,0.47846275568008423,7
3M63_A_B,YA103A,1,3.650576591491699,1.675888180732727,7
3M63_A_B,VA106A,1,1.83893883228302,-0.21037623286247253,7
3M63_A_B,IA110A,1,1.0890923738479614,-0.6544083952903748,7
3M63_A_B,FA113A,1,1.7915173768997192,1.1295092105865479,7
3M63_A_B,"GB8F,QB9K,SB65Q,HB67V,VB69M",5,0.1871277093887329,1.9044232368469238,7
3HH2_AB_C,VC15E,1,0.6843902468681335,0.7993478775024414,7
3HH2_AB_C,FC47E,1,0.7132960557937622,1.1047857999801636,7
3HH2_AB_C,IC51E,1,0.8621878027915955,1.2345383167266846,7
3HH2_AB_C,FC52E,1,0.8165920972824097,2.5637152194976807,7
3HH2_AB_C,FC47A,1,1.325307846069336,1.1324435472488403,7
3HH2_AB_C,IC51A,1,0.7132960557937622,1.0934200286865234,7
3HH2_AB_C,FC52A,1,1.2728441953659058,2.3100035190582275,7
2B0U_AB_C,VC15E,1,0.0,0.875471830368042,7
2B0U_AB_C,FC47E,1,0.4106564223766327,2.1093602180480957,7
2B0U_AB_C,IC51E,1,0.2402186095714569,0.5543060302734375,7
2B0U_AB_C,FC52E,1,0.0,0.30730441212654114,7
2B0U_AB_C,FC47A,1,0.5428582429885864,2.6698148250579834,7
2B0U_AB_C,IC51A,1,0.0,0.24681147933006287,7
2B0U_AB_C,FC52A,1,0.0,0.44010257720947266,7
3WWN_A_B,RA221E,1,-0.33671388030052185,1.2413970232009888,7
3WWN_A_B,RA224E,1,1.2939426898956299,0.2059929370880127,7
3WWN_A_B,KA225E,1,0.15640123188495636,0.34133315086364746,7
2DSQ_I_G,RI20A,1,0.06113170459866524,0.030188387259840965,7
2DSQ_I_G,RI35A,1,0.6104087829589844,-0.1612423062324524,7
2DSQ_I_G,RI40A,1,-0.08776002377271652,-0.12841922044754028,7
2DSQ_I_G,RI41A,1,0.08886856585741043,0.2452435940504074,7
4BFI_A_B,LB29K,1,2.077467203140259,0.5961023569107056,7
4BFI_A_B,NB43D,1,2.728342294692993,-0.11002824455499649,7
4BFI_A_B,NB43A,1,2.317685842514038,0.09664063900709152,7
4BFI_A_B,LB91A,1,1.3072104454040527,0.5193229913711548,7
4BFI_A_B,NB93K,1,2.728342294692993,1.8311887979507446,7
4BFI_A_B,FB95D,1,2.728342294692993,-0.2663470506668091,7
4BFI_A_B,FB95A,1,2.077467203140259,0.7848067879676819,7
4BFI_A_B,KB99E,1,2.317685842514038,-0.5482209324836731,7
4BFI_A_B,QB6K,1,-0.011969134211540222,-0.058731600642204285,7
4BFI_A_B,SB17D,1,0.030783649533987045,-0.09802187234163284,7
4BFI_A_B,QB26K,1,-0.21983741223812103,0.6057096719741821,7
4LRX_AB_CD,HA56N,1,0.32587605714797974,0.6146236658096313,7
4X4M_AB_E,KE153A,1,0.6395467519760132,-0.4954787492752075,7
4X4M_AB_E,HE154A,1,0.38309553265571594,0.7061988711357117,7
4X4M_AB_E,RE155A,1,1.7401713132858276,0.9620264172554016,7
4X4M_AB_E,"KE153A,HE154A,RE155A",3,1.7881416082382202,1.659105896949768,7
4X4M_AB_E,KE153E,1,0.9535146951675415,-0.10969982296228409,7
4X4M_AB_E,HE154E,1,1.9851295948028564,-0.675568699836731,7
4X4M_AB_E,RE155E,1,0.641829788684845,0.4396754801273346,7
4YEB_A_B,DA133A,1,1.3676663637161255,0.6117838621139526,7
4YEB_A_B,AA114S,1,0.0693911537528038,-0.12301573902368546,7
4YEB_A_B,RB88T,1,0.2775775194168091,0.3300175964832306,7
4YEB_A_B,FB131A,1,2.4174656867980957,0.20315375924110413,7
